Ship Length,Pier 1,Pier 2
150 - 175 m,0.0,0.0
175 - 200 m,0.0,0.0
200 - 225 m,2.2824247871798205e-05,2.2900232781915337e-05
225 - 250 m,3.838234994889332e-07,3.8513496720028086e-07
250 - 275 m,0.0,0.0
275 - 300 m,5.619813415828285e-07,5.646648798759874e-07
300 - 325 m,0.0,0.0
325 - 350 m,5.467911405815896e-07,5.48298637453073e-07
350 - 375 m,0.0,0.0
375 - 400 m,0.0,0.0
Above 400 m,0.0,0.0
