Ship Length,Pier 1,Pier 2
150 - 175 m,0.0,0.0
175 - 200 m,0.0,0.0
200 - 225 m,2.236890905867528e-05,2.2415805234527075e-05
225 - 250 m,0.0,0.0
250 - 275 m,0.0,0.0
275 - 300 m,8.814768189572862e-07,8.845290881944949e-07
300 - 325 m,0.0,0.0
325 - 350 m,5.469215087320625e-07,5.481722559647704e-07
350 - 375 m,0.0,0.0
375 - 400 m,0.0,0.0
Above 400 m,0.0,0.0
