Ship Length,Pier 1,Pier 2
150 - 175 m,0.0,0.0
175 - 200 m,3.408903809870173e-07,3.288164178961723e-07
200 - 225 m,0.0,0.0
225 - 250 m,0.0,0.0
250 - 275 m,3.0125058053642407e-07,2.928321445638784e-07
275 - 300 m,9.879071921815638e-05,9.613793791361733e-05
300 - 325 m,0.0,0.0
325 - 350 m,0.0,0.0
350 - 375 m,0.0,0.0
375 - 400 m,0.0,0.0
Above 400 m,0.0,0.0
