Ship Length,Pier 1,Pier 2
150 - 175 m,0.0,0.0
175 - 200 m,3.408566937244032e-07,3.289054400666709e-07
200 - 225 m,0.0,0.0
225 - 250 m,0.0,0.0
250 - 275 m,3.012398926476314e-07,2.9287033856812835e-07
275 - 300 m,9.531155856973454e-05,9.276505179539105e-05
300 - 325 m,0.0,0.0
325 - 350 m,0.0,0.0
350 - 375 m,0.0,0.0
375 - 400 m,0.0,0.0
Above 400 m,0.0,0.0
