Ship Length,Pier 1,Pier 2,Pier 3
150 - 175 m,3.927733092378065e-06,6.862790613913896e-06,6.925490968770794e-06
175 - 200 m,9.419017163905265e-06,1.5133129247589972e-05,1.526357151280697e-05
200 - 225 m,0.0,0.0,0.0
225 - 250 m,0.0,0.0,0.0
250 - 275 m,0.0,0.0,0.0
275 - 300 m,0.0,0.0,0.0
300 - 325 m,0.0,0.0,0.0
325 - 350 m,0.0,0.0,0.0
350 - 375 m,0.0,0.0,0.0
375 - 400 m,0.0,0.0,0.0
Above 400 m,0.0,0.0,0.0
