Ship Length,Pier 1,Pier 2,Pier 3
150 - 175 m,3.960837147693083e-06,6.8966291189402524e-06,6.889479856621662e-06
175 - 200 m,9.870114497176031e-06,1.5802564325235154e-05,1.5810320908249226e-05
200 - 225 m,0.0,0.0,0.0
225 - 250 m,0.0,0.0,0.0
250 - 275 m,0.0,0.0,0.0
275 - 300 m,0.0,0.0,0.0
300 - 325 m,0.0,0.0,0.0
325 - 350 m,0.0,0.0,0.0
350 - 375 m,0.0,0.0,0.0
375 - 400 m,0.0,0.0,0.0
Above 400 m,0.0,0.0,0.0
