Ship Length,Pier 1,Pier 2
150 - 175 m,0.0,0.0
175 - 200 m,9.111912999236116e-07,4.962588395411258e-07
200 - 225 m,1.2313211022569551e-05,6.68005475142949e-06
225 - 250 m,0.0,0.0
250 - 275 m,4.522263876344593e-06,2.1064106697328003e-06
275 - 300 m,0.0,0.0
300 - 325 m,0.0,0.0
325 - 350 m,0.0,0.0
350 - 375 m,0.0,0.0
375 - 400 m,0.0,0.0
Above 400 m,0.0,0.0
