Ship Length,Pier 1,Pier 2
150 - 175 m,0.0,0.0
175 - 200 m,0.0,0.0
200 - 225 m,1.1089389872945565e-05,2.4765772765414963e-05
225 - 250 m,0.0,0.0
250 - 275 m,1.6364696975071442e-06,3.536795749602239e-06
275 - 300 m,0.0,0.0
300 - 325 m,0.0,0.0
325 - 350 m,0.0,0.0
350 - 375 m,0.0,0.0
375 - 400 m,0.0,0.0
Above 400 m,0.0,0.0
