Ship Length,Pier 1,Pier 2
150 - 175 m,0.0,0.0
175 - 200 m,9.609176265869955e-07,9.557375096420118e-07
200 - 225 m,3.835941727214433e-07,3.8118035921978176e-07
225 - 250 m,0.0,0.0
250 - 275 m,0.0,0.0
275 - 300 m,3.074407507033096e-07,3.054693787207241e-07
300 - 325 m,3.5991002671278737e-07,3.5803081535719716e-07
325 - 350 m,0.0,0.0
350 - 375 m,0.0,0.0
375 - 400 m,0.0,0.0
Above 400 m,0.0,0.0
