Ship Length,Pier 1,Pier 2
150 - 175 m,2.5737102004604532e-05,1.5073972187982854e-05
175 - 200 m,0.00010249282536062432,6.0444654561879375e-05
200 - 225 m,5.796188060350879e-05,3.492546935778213e-05
225 - 250 m,6.334358269582516e-05,3.804996042980927e-05
250 - 275 m,2.462560130829441e-07,1.4810947733618119e-07
275 - 300 m,0.0,0.0
300 - 325 m,0.0,0.0
325 - 350 m,0.0,0.0
350 - 375 m,0.0,0.0
375 - 400 m,0.0,0.0
Above 400 m,0.0,0.0
