Ship Length,Pier 1,Pier 2
150 - 175 m,5.5920135499947495e-06,6.219016540333697e-06
175 - 200 m,3.123783025742648e-05,3.46909000174942e-05
200 - 225 m,4.4502399673455805e-05,4.9122620639490886e-05
225 - 250 m,0.00014420246609972087,0.00015901120544129313
250 - 275 m,6.267627517649792e-05,6.89989536645295e-05
275 - 300 m,0.0,0.0
300 - 325 m,0.0,0.0
325 - 350 m,0.0,0.0
350 - 375 m,0.0,0.0
375 - 400 m,0.0,0.0
Above 400 m,0.0,0.0
