Ship Length,Pier 1,Pier 2
150 - 175 m,5.545001193210046e-06,6.240001457592669e-06
175 - 200 m,3.050308314441202e-05,3.414644764817613e-05
200 - 225 m,4.574935839275508e-05,5.0830590489912e-05
225 - 250 m,0.00014276868848356463,0.0001582239485915214
250 - 275 m,6.20352646779652e-05,6.860422250047611e-05
275 - 300 m,0.0,0.0
300 - 325 m,0.0,0.0
325 - 350 m,0.0,0.0
350 - 375 m,0.0,0.0
375 - 400 m,0.0,0.0
Above 400 m,0.0,0.0
