Ship Length,Pier 1
150 - 175 m,0.003548429683162694
175 - 200 m,0.01770020208937402
200 - 225 m,0.0013935946405931132
225 - 250 m,0.00712671660149874
250 - 275 m,0.001512090309124553
275 - 300 m,0.00025731293331130334
300 - 325 m,6.516254450618306e-06
325 - 350 m,1.2762329278289913e-05
350 - 375 m,0.0
375 - 400 m,0.0
Above 400 m,0.0
