Ship Length,Pier 1
150 - 175 m,0.004224225681098615
175 - 200 m,0.020400369340235782
200 - 225 m,0.0015549005984881827
225 - 250 m,0.00777159570163419
250 - 275 m,0.0016262374811394898
275 - 300 m,0.00027055352891039653
300 - 325 m,6.852777182158246e-06
325 - 350 m,1.3308646668502464e-05
350 - 375 m,0.0
375 - 400 m,0.0
Above 400 m,0.0
