Ship Length,Pier 1
150 - 175 m,4.0233857681306593e-07
175 - 200 m,1.8946334968955986e-05
200 - 225 m,4.075795823539595e-07
225 - 250 m,1.935039315481554e-06
250 - 275 m,0.0
275 - 300 m,3.1447424116615744e-07
300 - 325 m,0.0
325 - 350 m,0.0
350 - 375 m,0.0
375 - 400 m,0.0
Above 400 m,0.0
