Ship Length,Pier 1
150 - 175 m,4.0382431397730264e-07
175 - 200 m,1.9000116476803335e-05
200 - 225 m,4.0842850603329956e-07
225 - 250 m,1.5508166844373155e-06
250 - 275 m,0.0
275 - 300 m,0.0
300 - 325 m,0.0
325 - 350 m,0.0
350 - 375 m,0.0
375 - 400 m,0.0
Above 400 m,0.0
