Ship Length,Pier 1
150 - 175 m,4.536759579261922e-05
175 - 200 m,0.0009335932378213708
200 - 225 m,3.366442174888194e-05
225 - 250 m,0.0005812362621363884
250 - 275 m,0.00018827788639368622
275 - 300 m,1.0212901947199202e-05
300 - 325 m,3.401783271114707e-07
325 - 350 m,0.0
350 - 375 m,0.0
375 - 400 m,0.0
Above 400 m,0.0
