Ship Length,Pier 1
150 - 175 m,4.23841326720947e-05
175 - 200 m,0.000417963309334811
200 - 225 m,4.123412381790588e-06
225 - 250 m,0.00014209535251102947
250 - 275 m,0.0
275 - 300 m,4.025878504361293e-07
300 - 325 m,0.0
325 - 350 m,0.0
350 - 375 m,0.0
375 - 400 m,0.0
Above 400 m,0.0
