Ship Length,Pier 1,Pier 2
150 - 175 m,8.578563349129468e-07,5.510686835284773e-08
175 - 200 m,0.0002211046702967495,-4.806325322421701e-06
200 - 225 m,3.2839841309882934e-05,2.5871200551041154e-06
225 - 250 m,0.0,0.0
250 - 275 m,0.0,0.0
275 - 300 m,0.0,0.0
300 - 325 m,0.0,0.0
325 - 350 m,0.0,0.0
350 - 375 m,0.0,0.0
375 - 400 m,0.0,0.0
Above 400 m,0.0,0.0
