Ship Length,Pier 1,Pier 2
150 - 175 m,5.531958325123648e-05,3.559041541296904e-05
175 - 200 m,8.344212227388383e-05,5.7892142109181214e-05
200 - 225 m,0.00013061471952372595,0.0001019458804776075
225 - 250 m,5.369537587660675e-05,4.448524040936969e-05
250 - 275 m,0.0,0.0
275 - 300 m,0.0,0.0
300 - 325 m,0.0,0.0
325 - 350 m,0.0,0.0
350 - 375 m,0.0,0.0
375 - 400 m,0.0,0.0
Above 400 m,0.0,0.0
