Ship Length,Pier 1,Pier 2
150 - 175 m,5.859355408080583e-05,3.732269001226143e-05
175 - 200 m,8.904673682147421e-05,6.138782216221862e-05
200 - 225 m,0.00012383824191733033,9.6215114860077e-05
225 - 250 m,5.37798873007605e-05,4.439402939057192e-05
250 - 275 m,0.0,0.0
275 - 300 m,0.0,0.0
300 - 325 m,0.0,0.0
325 - 350 m,0.0,0.0
350 - 375 m,0.0,0.0
375 - 400 m,0.0,0.0
Above 400 m,0.0,0.0
