Ship Length,Pier 1,Pier 2
150 - 175 m,5.2954299624251e-06,5.196071380764896e-06
175 - 200 m,0.00038453668895518456,0.000344249328290467
200 - 225 m,2.350989836280993e-05,2.0812707297823073e-05
225 - 250 m,1.2167090677389873e-05,1.0348632630937018e-05
250 - 275 m,0.0,0.0
275 - 300 m,5.8829597024910956e-05,4.5554101175371254e-05
300 - 325 m,0.0,0.0
325 - 350 m,0.0,0.0
350 - 375 m,0.0,0.0
375 - 400 m,0.0,0.0
Above 400 m,0.0,0.0
