Ship Length,Pier 1,Pier 2
150 - 175 m,5.500980977641339e-06,5.041350952190335e-06
175 - 200 m,0.00040473928293622744,0.000344173355194895
200 - 225 m,2.4529156809583542e-05,2.07206249602948e-05
225 - 250 m,1.2040665883103231e-05,9.92669694803039e-06
250 - 275 m,0.0,0.0
275 - 300 m,6.161648763703511e-05,4.658854770416531e-05
300 - 325 m,0.0,0.0
325 - 350 m,0.0,0.0
350 - 375 m,0.0,0.0
375 - 400 m,0.0,0.0
Above 400 m,0.0,0.0
