Ship Length,Pier 1,Pier 2
150 - 175 m,4.8663701725226596e-05,5.439501012571785e-05
175 - 200 m,0.0003064982096529019,0.00036747160910897525
200 - 225 m,3.281534733687316e-05,3.9313968150117145e-05
225 - 250 m,3.424145846815401e-05,4.080731551937628e-05
250 - 275 m,0.0,0.0
275 - 300 m,9.74681725754093e-06,1.1530861742455529e-05
300 - 325 m,0.0,0.0
325 - 350 m,0.0,0.0
350 - 375 m,0.0,0.0
375 - 400 m,0.0,0.0
Above 400 m,6.206600716164482e-07,8.065571243158274e-07
