Ship Length,Pier 1,Pier 2
150 - 175 m,5.140588400147076e-05,5.688498160839741e-05
175 - 200 m,0.00035180820909691177,0.00037879594401414086
200 - 225 m,3.8310926831921694e-05,4.093190170461184e-05
225 - 250 m,3.9367157021977964e-05,4.14441255380225e-05
250 - 275 m,0.0,0.0
275 - 300 m,1.136992034524899e-05,1.1718297482583182e-05
300 - 325 m,0.0,0.0
325 - 350 m,0.0,0.0
350 - 375 m,0.0,0.0
375 - 400 m,0.0,0.0
Above 400 m,8.029650412746243e-07,8.13218701936848e-07
