Ship Length,Pier 1,Pier 2
150 - 175 m,8.375234478997577e-05,8.281599522525507e-05
175 - 200 m,0.00041066227641887087,0.0003929200453791599
200 - 225 m,0.00034696857800965133,0.0003259860751688648
225 - 250 m,0.0002705681705832665,0.0002535772087380849
250 - 275 m,0.0,0.0
275 - 300 m,0.0,0.0
300 - 325 m,0.0,0.0
325 - 350 m,0.0,0.0
350 - 375 m,0.0,0.0
375 - 400 m,0.0,0.0
Above 400 m,0.0,0.0
