Ship Length,Pier 1,Pier 2
150 - 175 m,9.148776036372874e-05,7.385292814889925e-05
175 - 200 m,0.0004292420519368031,0.0003578013852133706
200 - 225 m,0.0003636575736590072,0.00030711192648640246
225 - 250 m,0.0002769919478076907,0.00023461705128907033
250 - 275 m,0.0,0.0
275 - 300 m,0.0,0.0
300 - 325 m,0.0,0.0
325 - 350 m,0.0,0.0
350 - 375 m,0.0,0.0
375 - 400 m,0.0,0.0
Above 400 m,0.0,0.0
