Ship Length,Pier 1,Pier 2
150 - 175 m,6.737855790495381e-07,2.8798314756732584e-05
175 - 200 m,1.955761147799681e-06,9.873070872243921e-05
200 - 225 m,4.737465124036045e-07,1.107855688569571e-06
225 - 250 m,0.0,0.0
250 - 275 m,0.0,0.0
275 - 300 m,0.0,0.0
300 - 325 m,0.0,0.0
325 - 350 m,0.0,0.0
350 - 375 m,0.0,0.0
375 - 400 m,0.0,0.0
Above 400 m,0.0,0.0
