Ship Length,Pier 1
150 - 175 m,0.00011164299276568625
175 - 200 m,0.00047208207148459003
200 - 225 m,0.00016036131889761288
225 - 250 m,0.00019024082066489031
250 - 275 m,0.0002510774444228803
275 - 300 m,0.00043072326713176483
300 - 325 m,0.00034920591476522505
325 - 350 m,0.00048637460686261244
350 - 375 m,0.0002347300160302442
375 - 400 m,1.9964910001635216e-06
Above 400 m,1.1159211908339772e-07
