Ship Length,Pier 1,Pier 2
150 - 175 m,4.4401606002142426e-05,0.00012215440794547986
175 - 200 m,0.00016473855648350933,0.0004184623461919613
200 - 225 m,0.00014971247841192458,0.0003722119846571489
225 - 250 m,0.0001347218061052981,0.0003316976633124524
250 - 275 m,0.0,0.0
275 - 300 m,2.993469794652284e-07,4.939320518319468e-07
300 - 325 m,0.0,0.0
325 - 350 m,0.0,0.0
350 - 375 m,0.0,0.0
375 - 400 m,0.0,0.0
Above 400 m,0.0,0.0
