Ship Length,Pier 1
150 - 175 m,2.6898361252139025e-05
175 - 200 m,8.033330456101518e-05
200 - 225 m,7.858277558820623e-06
225 - 250 m,6.484176286824388e-06
250 - 275 m,3.2125381769654677e-07
275 - 300 m,1.4031315020174465e-07
300 - 325 m,3.6922909066855047e-08
325 - 350 m,1.9010406966102658e-07
350 - 375 m,0.0
375 - 400 m,0.0
Above 400 m,0.0
