Ship Length,Pier 1
150 - 175 m,0.00018676817396661468
175 - 200 m,0.0006921214477304128
200 - 225 m,6.451763934452527e-05
225 - 250 m,5.434483494735081e-05
250 - 275 m,3.1725039065968708e-06
275 - 300 m,1.2205809027205171e-06
300 - 325 m,3.482244200946697e-07
325 - 350 m,2.192450734678974e-06
350 - 375 m,0.0
375 - 400 m,0.0
Above 400 m,0.0
