Ship Length,Pier 1,Pier 2
150 - 175 m,1.6835045103610954e-05,1.5239179189838995e-05
175 - 200 m,0.00016419534244347362,0.00014836820310486768
200 - 225 m,0.00022870393762023313,0.00020722620163976814
225 - 250 m,0.0002989841736252601,0.00027068814221893844
250 - 275 m,0.00010282102887975198,9.314544131212269e-05
275 - 300 m,0.0,0.0
300 - 325 m,0.0,0.0
325 - 350 m,0.0,0.0
350 - 375 m,0.0,0.0
375 - 400 m,0.0,0.0
Above 400 m,0.0,0.0
