Ship Length,Pier 1,Pier 2
150 - 175 m,1.6841528973366523e-05,1.526159998144797e-05
175 - 200 m,0.0001641306383617038,0.00014841522314584986
200 - 225 m,0.00022356767506932063,0.00020268766599189922
225 - 250 m,0.00029945573701057086,0.0002712399887592583
250 - 275 m,0.00010240680370177792,9.280831816904337e-05
275 - 300 m,0.0,0.0
300 - 325 m,0.0,0.0
325 - 350 m,0.0,0.0
350 - 375 m,0.0,0.0
375 - 400 m,0.0,0.0
Above 400 m,0.0,0.0
