Ship Length,Pier 1,Pier 2
150 - 175 m,0.0,0.0
175 - 200 m,5.304913230610669e-07,5.743548080782885e-07
200 - 225 m,3.249057383978715e-05,3.532356899180169e-05
225 - 250 m,0.0,0.0
250 - 275 m,0.0,0.0
275 - 300 m,8.243249047945202e-07,7.742384774567909e-07
300 - 325 m,0.0,0.0
325 - 350 m,5.982509444089235e-07,6.553931017437976e-07
350 - 375 m,0.0,0.0
375 - 400 m,0.0,0.0
Above 400 m,0.0,0.0
