Ship Length,Pier 1,Pier 2
150 - 175 m,0.0,0.0
175 - 200 m,4.949174592405698e-07,5.18026534417622e-07
200 - 225 m,3.209141759230776e-05,3.511968495580336e-05
225 - 250 m,0.0,0.0
250 - 275 m,0.0,0.0
275 - 300 m,8.228357534295497e-07,7.755762064196592e-07
300 - 325 m,3.6065639285491934e-07,3.937540585673278e-07
325 - 350 m,5.975765548965056e-07,6.561493500688984e-07
350 - 375 m,0.0,0.0
375 - 400 m,0.0,0.0
Above 400 m,0.0,0.0
