Ship Length,Pier 1,Pier 2
150 - 175 m,0.0,0.0
175 - 200 m,0.0,0.0
200 - 225 m,2.1918310755620627e-05,2.186903408628949e-05
225 - 250 m,3.663693852324752e-07,3.652718776138153e-07
250 - 275 m,0.0,0.0
275 - 300 m,5.188308723044464e-07,5.155745134900581e-07
300 - 325 m,0.0,0.0
325 - 350 m,5.231823508555165e-07,5.214457704464488e-07
350 - 375 m,0.0,0.0
375 - 400 m,0.0,0.0
Above 400 m,0.0,0.0
