Ship Length,Pier 1,Pier 2
150 - 175 m,0.0,0.0
175 - 200 m,3.224833706486216e-07,2.9151998712665695e-07
200 - 225 m,0.0,0.0
225 - 250 m,0.0,0.0
250 - 275 m,2.875922335765893e-07,2.650650476123213e-07
275 - 300 m,9.111783469141405e-05,8.422027200596328e-05
300 - 325 m,0.0,0.0
325 - 350 m,0.0,0.0
350 - 375 m,0.0,0.0
375 - 400 m,0.0,0.0
Above 400 m,0.0,0.0
