Ship Length,Pier 1,Pier 2
150 - 175 m,0.0,0.0
175 - 200 m,1.047675323224704e-06,4.505331385840253e-07
200 - 225 m,1.408306071524602e-05,6.067084926430756e-06
225 - 250 m,0.0,0.0
250 - 275 m,1.1688461350451878e-06,5.214044690192102e-07
275 - 300 m,0.0,0.0
300 - 325 m,0.0,0.0
325 - 350 m,0.0,0.0
350 - 375 m,0.0,0.0
375 - 400 m,0.0,0.0
Above 400 m,0.0,0.0
