Ship Length,Pier 1,Pier 2
150 - 175 m,0.0,0.0
175 - 200 m,0.0,0.0
200 - 225 m,1.039019030259245e-05,2.3207324296578005e-05
225 - 250 m,0.0,0.0
250 - 275 m,4.132936176039157e-07,9.357994175103197e-07
275 - 300 m,0.0,0.0
300 - 325 m,0.0,0.0
325 - 350 m,0.0,0.0
350 - 375 m,0.0,0.0
375 - 400 m,0.0,0.0
Above 400 m,0.0,0.0
