Ship Length,Pier 1
150 - 175 m,1.99696631302558e-06
175 - 200 m,0.0004697410907922254
200 - 225 m,6.722897241857994e-05
225 - 250 m,0.0
250 - 275 m,0.0
275 - 300 m,0.0
300 - 325 m,0.0
325 - 350 m,0.0
350 - 375 m,0.0
375 - 400 m,0.0
Above 400 m,0.0
