Ship Length,Pier 1,Pier 2
150 - 175 m,4.109409491621522e-06,4.700588083126057e-06
175 - 200 m,2.2657125461955153e-05,2.5939929130895825e-05
200 - 225 m,3.2862674343730315e-05,3.727336511845726e-05
225 - 250 m,0.00010617314102475892,0.0001203603016228107
250 - 275 m,4.6346156040128484e-05,5.241172349000727e-05
275 - 300 m,0.0,0.0
300 - 325 m,0.0,0.0
325 - 350 m,0.0,0.0
350 - 375 m,0.0,0.0
375 - 400 m,0.0,0.0
Above 400 m,0.0,0.0
