Ship Length,Pier 1
150 - 175 m,0.0011496369801462798
175 - 200 m,0.006434217032621761
200 - 225 m,0.0005047922009855108
225 - 250 m,0.002863381557724374
250 - 275 m,0.0006708526252115503
275 - 300 m,0.00010364333644111532
300 - 325 m,2.6966420462790287e-06
325 - 350 m,6.3410011249881836e-06
350 - 375 m,0.0
375 - 400 m,0.0
Above 400 m,0.0
