Ship Length,Pier 1
150 - 175 m,3.374281078160688e-05
175 - 200 m,0.0007505356527215074
200 - 225 m,2.5432149802000197e-05
225 - 250 m,0.0005115514331467166
250 - 275 m,0.0001693112223710973
275 - 300 m,9.211937012491763e-06
300 - 325 m,3.0453452333231134e-07
325 - 350 m,0.0
350 - 375 m,0.0
375 - 400 m,0.0
Above 400 m,0.0
