Ship Length,Pier 1
150 - 175 m,3.139021114101879e-05
175 - 200 m,0.000333159072416864
200 - 225 m,3.044803341740212e-06
225 - 250 m,0.00011420037187322745
250 - 275 m,0.0
275 - 300 m,3.629522885053589e-07
300 - 325 m,0.0
325 - 350 m,0.0
350 - 375 m,0.0
375 - 400 m,0.0
Above 400 m,0.0
