Ship Length,Pier 1,Pier 2
150 - 175 m,0.0,0.0
175 - 200 m,0.0,0.0
200 - 225 m,2.1464043513341967e-05,2.1387124988315098e-05
225 - 250 m,0.0,0.0
250 - 275 m,0.0,0.0
275 - 300 m,8.238581661057452e-07,8.190245751120911e-07
300 - 325 m,0.0,0.0
325 - 350 m,5.233071016655127e-07,5.213255658230072e-07
350 - 375 m,0.0,0.0
375 - 400 m,0.0,0.0
Above 400 m,0.0,0.0
