Ship Length,Pier 1,Pier 2
150 - 175 m,0.0,0.0
175 - 200 m,3.225184384077734e-07,2.914351856378452e-07
200 - 225 m,0.0,0.0
225 - 250 m,0.0,0.0
250 - 275 m,2.8760401019346026e-07,2.650275227680328e-07
275 - 300 m,9.444436231007644e-05,8.728162528702033e-05
300 - 325 m,0.0,0.0
325 - 350 m,0.0,0.0
350 - 375 m,0.0,0.0
375 - 400 m,0.0,0.0
Above 400 m,0.0,0.0
