Ship Length,Pier 1,Pier 2
150 - 175 m,5.5283521155642464e-05,5.5813140523379183e-05
175 - 200 m,0.0003722386571097155,0.0003754149081230719
200 - 225 m,4.0648651400580124e-05,4.101563999178349e-05
225 - 250 m,4.0923913288553644e-05,4.1340289668026565e-05
250 - 275 m,0.0,0.0
275 - 300 m,1.1561689648433375e-05,1.1698117249675293e-05
300 - 325 m,0.0,0.0
325 - 350 m,0.0,0.0
350 - 375 m,0.0,0.0
375 - 400 m,0.0,0.0
Above 400 m,8.081329923772706e-07,8.160937375557705e-07
