Ship Length,Pier 1,Pier 2
150 - 175 m,1.6405316283084584e-06,2.399623786328092e-05
175 - 200 m,5.881848522718403e-06,9.226731880713587e-05
200 - 225 m,2.6322618311370634e-06,5.3306481171635624e-05
225 - 250 m,3.245065632227601e-06,6.387516688734966e-05
250 - 275 m,1.299348582793083e-08,2.626681518374742e-07
275 - 300 m,0.0,0.0
300 - 325 m,0.0,0.0
325 - 350 m,0.0,0.0
350 - 375 m,0.0,0.0
375 - 400 m,0.0,0.0
Above 400 m,0.0,0.0
