Ship Length,Pier 1,Pier 2
150 - 175 m,2.9281989451999588e-05,3.540194181506344e-06
175 - 200 m,0.00010435261011177482,1.2750275818253757e-05
200 - 225 m,5.918504108372531e-05,6.322129597151876e-06
225 - 250 m,6.86200244162024e-05,7.542849925341957e-06
250 - 275 m,2.942262843339787e-07,3.2283076055351244e-08
275 - 300 m,0.0,0.0
300 - 325 m,0.0,0.0
325 - 350 m,0.0,0.0
350 - 375 m,0.0,0.0
375 - 400 m,0.0,0.0
Above 400 m,0.0,0.0
