Ship Length,Pier 1,Pier 2
150 - 175 m,2.316102552668887e-06,8.561674976492786e-06
175 - 200 m,0.0005448603165625766,0.002080672477795238
200 - 225 m,7.812203413708519e-05,0.0002848507689357832
225 - 250 m,0.0,0.0
250 - 275 m,0.0,0.0
275 - 300 m,0.0,0.0
300 - 325 m,0.0,0.0
325 - 350 m,0.0,0.0
350 - 375 m,0.0,0.0
375 - 400 m,0.0,0.0
Above 400 m,0.0,0.0
