Ship Length,Pier 1,Pier 2
150 - 175 m,2.2977734495553626e-06,8.546445103937981e-06
175 - 200 m,0.0005459332883346324,0.0020931482072514625
200 - 225 m,7.728665804346358e-05,0.0002826786264851145
225 - 250 m,0.0,0.0
250 - 275 m,0.0,0.0
275 - 300 m,0.0,0.0
300 - 325 m,0.0,0.0
325 - 350 m,0.0,0.0
350 - 375 m,0.0,0.0
375 - 400 m,0.0,0.0
Above 400 m,0.0,0.0
