Ship Length,Pier 1,Pier 2
150 - 175 m,0.0,0.0
175 - 200 m,8.712743587164642e-07,8.737600718313763e-07
200 - 225 m,3.4578312029933467e-07,3.46620231992314e-07
225 - 250 m,0.0,0.0
250 - 275 m,0.0,0.0
275 - 300 m,2.787104504231235e-07,2.792227929507234e-07
300 - 325 m,3.321329161114886e-07,3.3265610971814506e-07
325 - 350 m,0.0,0.0
350 - 375 m,0.0,0.0
375 - 400 m,0.0,0.0
Above 400 m,0.0,0.0
