Ship Length,Pier 1
150 - 175 m,2.050288772702086e-06
175 - 200 m,0.0005133749703854588
200 - 225 m,7.478919275998205e-05
225 - 250 m,0.0
250 - 275 m,0.0
275 - 300 m,0.0
300 - 325 m,0.0
325 - 350 m,0.0
350 - 375 m,0.0
375 - 400 m,0.0
Above 400 m,0.0
