Ship Length,Pier 1,Pier 2
150 - 175 m,1.0780182992467897e-05,1.4367634925871255e-05
175 - 200 m,3.767684777654602e-05,5.0059271136406393e-05
200 - 225 m,2.1513474663219607e-05,2.7520850961562806e-05
225 - 250 m,2.5144983372003973e-05,3.2406558528304635e-05
250 - 275 m,1.0169197107946402e-07,1.3075497202690511e-07
275 - 300 m,0.0,0.0
300 - 325 m,0.0,0.0
325 - 350 m,0.0,0.0
350 - 375 m,0.0,0.0
375 - 400 m,0.0,0.0
Above 400 m,0.0,0.0
