Ship Length,Pier 1,Pier 2
150 - 175 m,1.1562283169992079e-05,1.8250288555937082e-05
175 - 200 m,4.085197965110646e-05,6.454396802364996e-05
200 - 225 m,2.3236864704269677e-05,3.58151235574965e-05
225 - 250 m,2.6679402765816605e-05,4.12877725340156e-05
250 - 275 m,1.1046647016013214e-07,1.7092814092371056e-07
275 - 300 m,0.0,0.0
300 - 325 m,0.0,0.0
325 - 350 m,0.0,0.0
350 - 375 m,0.0,0.0
375 - 400 m,0.0,0.0
Above 400 m,0.0,0.0
