Ship Length,Pier 1,Pier 2
150 - 175 m,2.609834889090254e-05,1.5269769108413705e-05
175 - 200 m,0.0001025738255159664,6.04788337128748e-05
200 - 225 m,5.7981479837261856e-05,3.491425185936516e-05
225 - 250 m,6.278673980058733e-05,3.768452427077588e-05
250 - 275 m,2.463177362482989e-07,1.4807397967067215e-07
275 - 300 m,0.0,0.0
300 - 325 m,0.0,0.0
325 - 350 m,0.0,0.0
350 - 375 m,0.0,0.0
375 - 400 m,0.0,0.0
Above 400 m,0.0,0.0
