Ship Length,Pier 1,Pier 2
150 - 175 m,4.072950980519809e-06,4.718850944392398e-06
175 - 200 m,2.211555450901929e-05,2.5539709005216937e-05
200 - 225 m,3.377335375117876e-05,3.8578771914984225e-05
225 - 250 m,0.00010509857046921351,0.00011979181227342721
250 - 275 m,4.5863302689249605e-05,5.212136518231192e-05
275 - 300 m,0.0,0.0
300 - 325 m,0.0,0.0
325 - 350 m,0.0,0.0
350 - 375 m,0.0,0.0
375 - 400 m,0.0,0.0
Above 400 m,0.0,0.0
