Ship Length,Pier 1
150 - 175 m,0.0013758258275737803
175 - 200 m,0.007440003878103797
200 - 225 m,0.0005644451496144814
225 - 250 m,0.003125712489519097
250 - 275 m,0.0007221932548916767
275 - 300 m,0.00010919457069820553
300 - 325 m,2.8373364204750545e-06
325 - 350 m,6.6152917988636264e-06
350 - 375 m,0.0
375 - 400 m,0.0
Above 400 m,0.0
