Ship Length,Pier 1
150 - 175 m,3.7294104530573615e-07
175 - 200 m,1.781956970644886e-05
200 - 225 m,3.8374562931789846e-07
225 - 250 m,1.8220137010986068e-06
250 - 275 m,0.0
275 - 300 m,2.9606904731953996e-07
300 - 325 m,0.0
325 - 350 m,0.0
350 - 375 m,0.0
375 - 400 m,0.0
Above 400 m,0.0
