Ship Length,Pier 1
150 - 175 m,3.7431887770850816e-07
175 - 200 m,1.787017556655318e-05
200 - 225 m,3.845451796533255e-07
225 - 250 m,1.4602647401427045e-06
250 - 275 m,0.0
275 - 300 m,0.0
300 - 325 m,0.0
325 - 350 m,0.0
350 - 375 m,0.0
375 - 400 m,0.0
Above 400 m,0.0
