Ship Length,Pier 1,Pier 2
150 - 175 m,9.925950576676672e-07,6.504956665642681e-08
175 - 200 m,0.00022163705181239935,-4.818878337130322e-06
200 - 225 m,3.380692686241717e-05,2.7365807111678106e-06
225 - 250 m,0.0,0.0
250 - 275 m,0.0,0.0
275 - 300 m,0.0,0.0
300 - 325 m,0.0,0.0
325 - 350 m,0.0,0.0
350 - 375 m,0.0,0.0
375 - 400 m,0.0,0.0
Above 400 m,0.0,0.0
