Ship Length,Pier 1,Pier 2
150 - 175 m,3.983892410619234e-05,2.4101693282061908e-05
175 - 200 m,6.170730801564394e-05,4.0476575307737996e-05
200 - 225 m,0.00010380894114191763,7.767045361327363e-05
225 - 250 m,4.035931438273353e-05,3.1736865759828895e-05
250 - 275 m,0.0,0.0
275 - 300 m,0.0,0.0
300 - 325 m,0.0,0.0
325 - 350 m,0.0,0.0
350 - 375 m,0.0,0.0
375 - 400 m,0.0,0.0
Above 400 m,0.0,0.0
