Ship Length,Pier 1,Pier 2
150 - 175 m,4.2112595943283815e-05,2.521403140897293e-05
175 - 200 m,6.57824386857721e-05,4.28661109739581e-05
200 - 225 m,9.842368436850505e-05,7.330373000113158e-05
225 - 250 m,4.042293931600891e-05,3.1671668957530316e-05
250 - 275 m,0.0,0.0
275 - 300 m,0.0,0.0
300 - 325 m,0.0,0.0
325 - 350 m,0.0,0.0
350 - 375 m,0.0,0.0
375 - 400 m,0.0,0.0
Above 400 m,0.0,0.0
