Ship Length,Pier 1,Pier 2
150 - 175 m,4.819882526825315e-06,5.196071380764896e-06
175 - 200 m,0.0003548849951725673,0.000344249328290467
200 - 225 m,2.1700744267472724e-05,2.0812707297823073e-05
225 - 250 m,1.1241247842732781e-05,1.0348632630937018e-05
250 - 275 m,0.0,0.0
275 - 300 m,5.5300967364833734e-05,4.5554101175371254e-05
300 - 325 m,0.0,0.0
325 - 350 m,0.0,0.0
350 - 375 m,0.0,0.0
375 - 400 m,0.0,0.0
Above 400 m,0.0,0.0
