Ship Length,Pier 1,Pier 2
150 - 175 m,5.007090347302218e-06,5.041350952190335e-06
175 - 200 m,0.0003735426971260273,0.000344173355194895
200 - 225 m,2.2642122888882956e-05,2.07206249602948e-05
225 - 250 m,1.1124580048875008e-05,9.92669694803039e-06
250 - 275 m,0.0,0.0
275 - 300 m,5.792197038032162e-05,4.658854770416531e-05
300 - 325 m,0.0,0.0
325 - 350 m,0.0,0.0
350 - 375 m,0.0,0.0
375 - 400 m,0.0,0.0
Above 400 m,0.0,0.0
