Ship Length,Pier 1,Pier 2
150 - 175 m,4.745289737461459e-05,5.165402499937889e-05
175 - 200 m,0.0002997414290503631,0.00035236076960132545
200 - 225 m,3.209786481753211e-05,3.771001723250142e-05
225 - 250 m,3.350097729652538e-05,3.915224985867578e-05
250 - 275 m,0.0,0.0
275 - 300 m,9.53933972396341e-06,1.1067106212886325e-05
300 - 325 m,0.0,0.0
325 - 350 m,0.0,0.0
350 - 375 m,0.0,0.0
375 - 400 m,0.0,0.0
Above 400 m,6.095704709361197e-07,7.818379206993744e-07
