Ship Length,Pier 1,Pier 2
150 - 175 m,0.0,0.0
175 - 200 m,0.0,0.0
200 - 225 m,3.490516846913853e-07,7.443743192355345e-07
225 - 250 m,0.0,0.0
250 - 275 m,0.0,0.0
275 - 300 m,1.311598264731859e-06,1.8319970193498963e-06
300 - 325 m,0.0,0.0
325 - 350 m,0.0,0.0
350 - 375 m,0.0,0.0
375 - 400 m,0.0,0.0
Above 400 m,0.0,0.0
