Ship Length,Pier 1,Pier 2
150 - 175 m,0.0,0.0
175 - 200 m,0.0,0.0
200 - 225 m,2.379008415496657e-06,2.826211059424531e-06
225 - 250 m,0.0,0.0
250 - 275 m,0.0,0.0
275 - 300 m,3.1452947101418597e-06,3.5447020999026765e-06
300 - 325 m,0.0,0.0
325 - 350 m,0.0,0.0
350 - 375 m,0.0,0.0
375 - 400 m,0.0,0.0
Above 400 m,0.0,0.0
