Ship Length,Pier 1,Pier 2
150 - 175 m,6.008343677348314e-05,6.47165548580405e-05
175 - 200 m,0.0003003793970339267,0.0003118697002476211
200 - 225 m,0.00025437761066418737,0.0002592149857227328
225 - 250 m,0.0001988376072170235,0.00020202238899899865
250 - 275 m,0.0,0.0
275 - 300 m,0.0,0.0
300 - 325 m,0.0,0.0
325 - 350 m,0.0,0.0
350 - 375 m,0.0,0.0
375 - 400 m,0.0,0.0
Above 400 m,0.0,0.0
