Ship Length,Pier 1,Pier 2
150 - 175 m,6.571998261481907e-05,5.775628711176838e-05
175 - 200 m,0.00031398798598809266,0.00028396470989130296
200 - 225 m,0.00026662838201132235,0.00024419538538283003
225 - 250 m,0.00020355248466432098,0.00018689692965292103
250 - 275 m,0.0,0.0
275 - 300 m,0.0,0.0
300 - 325 m,0.0,0.0
325 - 350 m,0.0,0.0
350 - 375 m,0.0,0.0
375 - 400 m,0.0,0.0
Above 400 m,0.0,0.0
