Ship Length,Pier 1,Pier 2
150 - 175 m,8.972033214821859e-06,2.9545220628606634e-05
175 - 200 m,3.270431307190133e-05,0.00010441289129473356
200 - 225 m,8.849158638272737e-08,3.3746473949896185e-07
225 - 250 m,0.0,0.0
250 - 275 m,0.0,0.0
275 - 300 m,0.0,0.0
300 - 325 m,0.0,0.0
325 - 350 m,0.0,0.0
350 - 375 m,0.0,0.0
375 - 400 m,0.0,0.0
Above 400 m,0.0,0.0
