Ship Length,Pier 1,Pier 2
150 - 175 m,5.2401579919007674e-05,5.1728301336521616e-05
175 - 200 m,0.00035830774866107745,0.0003549131316059278
200 - 225 m,3.9229657180299315e-05,3.889367136247155e-05
225 - 250 m,3.9609856004118126e-05,3.93397388403479e-05
250 - 275 m,0.0,0.0
275 - 300 m,1.1237392427093636e-05,1.1188955949629872e-05
300 - 325 m,0.0,0.0
325 - 350 m,0.0,0.0
350 - 375 m,0.0,0.0
375 - 400 m,0.0,0.0
Above 400 m,7.923623184740518e-07,7.907243952143918e-07
