Ship Length,Pier 1,Pier 2
150 - 175 m,4.633890770727881e-05,0.00012113428897199286
175 - 200 m,0.0001779900901469859,0.0004351846949456941
200 - 225 m,0.0001573807987641186,0.0003799753030485775
225 - 250 m,0.0001401257678790042,0.0003356220061874939
250 - 275 m,1.583402992287073e-07,2.629337295993306e-07
275 - 300 m,3.018324465242801e-07,4.902608115277341e-07
300 - 325 m,0.0,0.0
325 - 350 m,0.0,0.0
350 - 375 m,0.0,0.0
375 - 400 m,0.0,0.0
Above 400 m,0.0,0.0
