Ship Length,Pier 1
150 - 175 m,0.00013746417252711492
175 - 200 m,0.0005309710303353145
200 - 225 m,4.905894034883447e-05
225 - 250 m,4.25452164390675e-05
250 - 275 m,2.60613621446008e-06
275 - 300 m,9.473472864146135e-07
300 - 325 m,2.8111314707641655e-07
325 - 350 m,1.8724445547455644e-06
350 - 375 m,0.0
375 - 400 m,0.0
Above 400 m,0.0
