Ship Length,Pier 1
150 - 175 m,1.9799356917268572e-05
175 - 200 m,6.163125020874387e-05
200 - 225 m,5.977426479119483e-06
225 - 250 m,5.076458862241636e-06
250 - 275 m,2.6390234117335445e-07
275 - 300 m,1.0890329497670788e-07
300 - 325 m,2.980697093035049e-08
325 - 350 m,1.6235682035696069e-07
350 - 375 m,0.0
375 - 400 m,0.0
Above 400 m,0.0
