Ship Length,Pier 1,Pier 2
150 - 175 m,1.8137307214867917e-05,1.4561880617482177e-05
175 - 200 m,0.000177060365637557,0.00014167489075309
200 - 225 m,0.00024613452675434404,0.00019815470981181626
225 - 250 m,0.0003219251016691084,0.00025874794299896796
250 - 275 m,0.0001106611989426354,8.906449460906226e-05
275 - 300 m,0.0,0.0
300 - 325 m,0.0,0.0
325 - 350 m,0.0,0.0
350 - 375 m,0.0,0.0
375 - 400 m,0.0,0.0
Above 400 m,0.0,0.0
