Ship Length,Pier 1,Pier 2
150 - 175 m,1.8144934523947675e-05,1.4583537353378415e-05
175 - 200 m,0.00017699548735363823,0.00014172076684007177
200 - 225 m,0.00024060919383593566,0.00019381755272330773
225 - 250 m,0.0003224390232020175,0.0002592764491560839
250 - 275 m,0.00011021700239476388,8.874259344333017e-05
275 - 300 m,0.0,0.0
300 - 325 m,0.0,0.0
325 - 350 m,0.0,0.0
350 - 375 m,0.0,0.0
375 - 400 m,0.0,0.0
Above 400 m,0.0,0.0
