Ship Length,Pier 1,Pier 2
150 - 175 m,0.0,0.0
175 - 200 m,4.4818294701501115e-07,4.5063842985322797e-07
200 - 225 m,2.8109921772855142e-05,3.044775138065618e-05
225 - 250 m,0.0,0.0
250 - 275 m,0.0,0.0
275 - 300 m,5.186251216612454e-07,5.244491025867109e-07
300 - 325 m,0.0,0.0
325 - 350 m,5.137113091550978e-07,5.257034214360012e-07
350 - 375 m,0.0,0.0
375 - 400 m,0.0,0.0
Above 400 m,0.0,0.0
