Ship Length,Pier 1,Pier 2
150 - 175 m,0.0,0.0
175 - 200 m,3.8997208995916354e-07,3.955699599055325e-07
200 - 225 m,2.7729993942507924e-05,3.003525830101853e-05
225 - 250 m,0.0,0.0
250 - 275 m,0.0,0.0
275 - 300 m,5.176875817125749e-07,5.253557347294977e-07
300 - 325 m,3.129219636612473e-07,3.439786031573251e-07
325 - 350 m,5.13091259428866e-07,5.263140671413824e-07
350 - 375 m,0.0,0.0
375 - 400 m,0.0,0.0
Above 400 m,0.0,0.0
